"DESCRIPTION","DURATION IN MS","NAME","PARENT SUITE","START TIME","STATUS","STOP TIME","SUB SUITE","SUITE","TEST CLASS","TEST METHOD"
"","9195","archiving removes the page from the sidebar and moves it to the trash, also after a reload","chromium","2026-10-08","passed","2026-10-08","Delete flow: archive, restore, delete permanently @regression","regression/archive-trash.spec.js","",""
"","23298","clicking sidebar entries switches between pages and shows each page's own content","chromium","2026-10-08","passed","2026-10-08","Navigation and search @regression","regression/navigation.spec.js","",""
"","14196","logging out returns to the login screen and the session is gone after a reload","logout","2026-10-08","passed","2026-10-08","Logout @regression","regression/logout.spec.js","",""
"","10777","deleting permanently removes the page everywhere and it stays gone after a reload","chromium","2026-10-08","passed","2026-10-08","Delete flow: archive, restore, delete permanently @regression","regression/archive-trash.spec.js","",""
"","8509","a page created without title is listed as ""Sin título""","chromium","2026-10-08","passed","2026-10-08","Pages: create, rename, persistence @regression","regression/pages-crud.spec.js","",""
"","12565","renaming a page updates the sidebar and is still there after a reload","chromium","2026-10-08","passed","2026-10-08","Pages: create, rename, persistence @regression","regression/pages-crud.spec.js","",""
"","14422","restoring an archived page brings it back with its content","chromium","2026-10-08","passed","2026-10-08","Delete flow: archive, restore, delete permanently @regression","regression/archive-trash.spec.js","",""
"","21486","text, heading and list blocks keep their type, text and order after a reload","chromium","2026-10-08","passed","2026-10-08","Page content: text, headings, lists @regression","regression/edit-content.spec.js","",""
"","13111","a sub-page is created under its parent and persists nested","chromium","2026-10-08","passed","2026-10-08","Navigation and search @regression","regression/navigation.spec.js","",""
"","4536","wrong credentials show an error and keep the visitor out","chromium","2026-10-08","passed","2026-10-08","Auth @regression","regression/auth.spec.js","",""
"","8688","a new page is created, listed in the sidebar and survives a reload","chromium","2026-10-08","passed","2026-10-08","Pages: create, rename, persistence @regression","regression/pages-crud.spec.js","",""
"","15411","editing an existing block replaces its text and the new text persists","chromium","2026-10-08","passed","2026-10-08","Page content: text, headings, lists @regression","regression/edit-content.spec.js","",""
"","5404","valid credentials land on the workspace and the session survives a reload","chromium","2026-10-08","passed","2026-10-08","Auth @regression","regression/auth.spec.js","",""
"","3788","a protected workspace URL redirects an anonymous visitor to the login screen","chromium","2026-10-08","passed","2026-10-08","Auth @regression","regression/auth.spec.js","",""
"","3830","home hydrates and shows the login screen","chromium","2026-10-08","passed","2026-10-08","Smoke @smoke > anonymous visitor","smoke-tests/smoke.spec.js","",""
"","961","authenticated session lands on the workspace","chromium","2026-10-08","passed","2026-10-08","Smoke @smoke","smoke-tests/smoke.spec.js","",""
"","14823","pressing Enter in a block creates a new block below and both persist","chromium","2026-10-08","passed","2026-10-08","Page content: text, headings, lists @regression","regression/edit-content.spec.js","",""
"","12480","search finds a page by title and by block content","chromium","2026-10-08","passed","2026-10-08","Navigation and search @regression","regression/navigation.spec.js","",""
